{
    "nodes":{
        "1":{"cx":-3.83402,"cy":-274.813,"w":50,"h":50},
        "2":{"cx":225.872,"cy":-359.756,"w":50,"h":50},
        "3":{"cx":373.309,"cy":-424.987,"w":50,"h":50},
        "4":{"cx":-191.357,"cy":5.57298,"w":50,"h":50},
        "5":{"cx":-93.5054,"cy":173.636,"w":50,"h":50},
        "6":{"cx":-28.2432,"cy":224.116,"w":50,"h":50},
        "7":{"cx":105.207,"cy":-490.73,"w":50,"h":50},
        "8":{"cx":-146.618,"cy":-362.857,"w":50,"h":50},
        "9":{"cx":-124.555,"cy":-220.168,"w":50,"h":50},
        "10":{"cx":-177.209,"cy":245.273,"w":50,"h":50},
        "11":{"cx":152.261,"cy":327.928,"w":50,"h":50},
        "12":{"cx":-64.4711,"cy":-114.46,"w":50,"h":50},
        "13":{"cx":152.841,"cy":-639.995,"w":50,"h":50},
        "14":{"cx":-326.505,"cy":-188.345,"w":50,"h":50},
        "15":{"cx":-284.364,"cy":128.905,"w":50,"h":50},
        "16":{"cx":-269.556,"cy":-285.646,"w":50,"h":50},
        "17":{"cx":352.864,"cy":520.567,"w":50,"h":50},
        "18":{"cx":420.036,"cy":595.939,"w":50,"h":50},
        "19":{"cx":216.481,"cy":233.184,"w":50,"h":50},
        "20":{"cx":94.7688,"cy":-759.617,"w":50,"h":50},
        "21":{"cx":330.869,"cy":271.493,"w":50,"h":50},
        "22":{"cx":-151.689,"cy":-95.545,"w":50,"h":50},
        "23":{"cx":-211.702,"cy":-432.8,"w":50,"h":50},
        "24":{"cx":34.3769,"cy":-88.0508,"w":50,"h":50},
        "25":{"cx":-485.546,"cy":-189.815,"w":50,"h":50},
        "26":{"cx":-410.135,"cy":126.821,"w":50,"h":50},
        "27":{"cx":-103.082,"cy":387.077,"w":50,"h":50},
        "28":{"cx":182.276,"cy":-417.235,"w":50,"h":50},
        "29":{"cx":-221.756,"cy":-327.27,"w":50,"h":50},
        "30":{"cx":-354.477,"cy":-569.049,"w":50,"h":50},
        "31":{"cx":255.92,"cy":-712.823,"w":50,"h":50},
        "32":{"cx":-394.951,"cy":-698.155,"w":50,"h":50},
        "33":{"cx":342.24,"cy":-324.463,"w":50,"h":50},
        "34":{"cx":211.069,"cy":428.668,"w":50,"h":50},
        "35":{"cx":-551.889,"cy":130.534,"w":50,"h":50},
        "36":{"cx":156.927,"cy":87.8526,"w":50,"h":50},
        "37":{"cx":-109.107,"cy":516.928,"w":50,"h":50},
        "38":{"cx":528.151,"cy":681.701,"w":50,"h":50},
        "39":{"cx":-481.013,"cy":-620.289,"w":50,"h":50},
        "40":{"cx":29.8869,"cy":33.1435,"w":50,"h":50},
        "41":{"cx":148.353,"cy":-113.561,"w":50,"h":50},
        "42":{"cx":-69.4254,"cy":-13.9594,"w":50,"h":50},
        "43":{"cx":-421.683,"cy":-312.034,"w":50,"h":50},
        "44":{"cx":500.216,"cy":-451.051,"w":50,"h":50},
        "45":{"cx":-100.85,"cy":-552.312,"w":50,"h":50},
        "46":{"cx":-507.752,"cy":230.997,"w":50,"h":50},
        "47":{"cx":120.124,"cy":-291.165,"w":50,"h":50},
        "48":{"cx":277.297,"cy":-79.4061,"w":50,"h":50},
        "49":{"cx":530.44,"cy":812.398,"w":50,"h":50},
        "50":{"cx":-208.094,"cy":465.115,"w":50,"h":50},
        "51":{"cx":68.028,"cy":-145.85,"w":50,"h":50},
        "52":{"cx":-38.8669,"cy":-380.877,"w":50,"h":50},
        "53":{"cx":33.9831,"cy":-420.069,"w":50,"h":50},
        "54":{"cx":-27.3753,"cy":-713.361,"w":50,"h":50},
        "55":{"cx":-256.333,"cy":-14.0109,"w":50,"h":50},
        "56":{"cx":662.455,"cy":679.279,"w":50,"h":50},
        "57":{"cx":637.668,"cy":788.705,"w":50,"h":50},
        "58":{"cx":-404.56,"cy":-302.736,"w":50,"h":50},
        "59":{"cx":-63.4827,"cy":-832.624,"w":50,"h":50},
        "60":{"cx":140.068,"cy":-875.947,"w":50,"h":50}
    },
    "edges":{
        "61":{"src":2,"tgt":1,"style":"ortho","pts":"200.872,-274.813 21.166,-359.756"},
        "62":{"src":3,"tgt":2,"style":"ortho","pts":"348.309,-359.756 250.872,-424.987"},
        "63":{"src":4,"tgt":1,"style":"ortho","pts":"-3.83402,-19.427 -191.357,-249.813"},
        "64":{"src":5,"tgt":4,"style":"ortho","pts":"-191.357,148.636 -93.5054,30.573"},
        "65":{"src":6,"tgt":5,"style":"ortho","pts":"-53.2432,173.636 -68.5054,224.116"},
        "66":{"src":7,"tgt":1,"style":"ortho","pts":"-3.83402,-465.73 105.207,-299.813"},
        "67":{"src":8,"tgt":1,"style":"ortho","pts":"-121.618,-274.813 -28.834,-362.857"},
        "68":{"src":9,"tgt":8,"style":"ortho","pts":"-146.618,-245.168 -124.555,-337.857"},
        "69":{"src":10,"tgt":5,"style":"ortho","pts":"-152.209,173.636 -118.505,245.273"},
        "70":{"src":11,"tgt":5,"style":"ortho","pts":"127.261,173.636 -68.5054,327.928"},
        "71":{"src":12,"tgt":9,"style":"ortho","pts":"-124.555,-139.46 -64.4711,-195.168"},
        "72":{"src":13,"tgt":7,"style":"ortho","pts":"105.207,-614.995 152.841,-515.73"},
        "73":{"src":14,"tgt":8,"style":"ortho","pts":"-301.505,-362.857 -171.618,-188.345"},
        "74":{"src":15,"tgt":4,"style":"ortho","pts":"-191.357,103.905 -284.364,30.573"},
        "75":{"src":16,"tgt":9,"style":"ortho","pts":"-244.556,-220.168 -149.555,-285.646"},
        "76":{"src":17,"tgt":11,"style":"ortho","pts":"327.863,327.928 177.261,520.567"},
        "77":{"src":18,"tgt":17,"style":"ortho","pts":"352.864,570.939 420.036,545.567"},
        "78":{"src":19,"tgt":11,"style":"ortho","pts":"152.261,258.184 216.481,302.928"},
        "79":{"src":20,"tgt":13,"style":"ortho","pts":"152.841,-734.617 94.7688,-664.995"},
        "80":{"src":21,"tgt":19,"style":"ortho","pts":"305.869,233.184 241.481,271.493"},
        "81":{"src":22,"tgt":12,"style":"ortho","pts":"-126.689,-114.46 -89.4711,-95.545"},
        "82":{"src":23,"tgt":9,"style":"ortho","pts":"-124.555,-407.8 -211.702,-245.168"},
        "83":{"src":24,"tgt":9,"style":"ortho","pts":"9.37693,-220.168 -99.5551,-88.0508"},
        "84":{"src":25,"tgt":14,"style":"ortho","pts":"-460.546,-188.345 -351.505,-189.815"},
        "85":{"src":26,"tgt":4,"style":"ortho","pts":"-385.135,5.57298 -216.357,126.821"},
        "86":{"src":27,"tgt":6,"style":"ortho","pts":"-28.2432,362.077 -103.082,249.116"},
        "87":{"src":28,"tgt":2,"style":"ortho","pts":"225.872,-392.235 182.276,-384.756"},
        "88":{"src":29,"tgt":9,"style":"ortho","pts":"-124.555,-302.27 -221.756,-245.168"},
        "89":{"src":30,"tgt":23,"style":"ortho","pts":"-329.477,-432.8 -236.702,-569.049"},
        "90":{"src":31,"tgt":13,"style":"ortho","pts":"230.92,-639.995 177.841,-712.823"},
        "91":{"src":32,"tgt":30,"style":"ortho","pts":"-354.477,-673.155 -394.951,-594.049"},
        "92":{"src":33,"tgt":2,"style":"ortho","pts":"317.24,-359.756 250.872,-324.463"},
        "93":{"src":34,"tgt":11,"style":"ortho","pts":"152.261,403.668 211.069,352.928"},
        "94":{"src":35,"tgt":26,"style":"ortho","pts":"-526.889,126.821 -435.135,130.534"},
        "95":{"src":36,"tgt":24,"style":"ortho","pts":"34.3769,62.8526 156.927,-63.0508"},
        "96":{"src":37,"tgt":27,"style":"ortho","pts":"-103.082,491.928 -109.107,412.077"},
        "97":{"src":38,"tgt":17,"style":"ortho","pts":"503.151,520.567 377.863,681.701"},
        "98":{"src":39,"tgt":30,"style":"ortho","pts":"-456.013,-569.049 -379.477,-620.289"},
        "99":{"src":40,"tgt":6,"style":"ortho","pts":"-28.2432,58.1435 29.8869,199.116"},
        "100":{"src":41,"tgt":40,"style":"ortho","pts":"29.8869,-88.5609 148.353,8.14346"},
        "101":{"src":42,"tgt":12,"style":"ortho","pts":"-64.4711,-38.9594 -69.4254,-89.4597"},
        "102":{"src":43,"tgt":14,"style":"ortho","pts":"-326.505,-287.034 -421.683,-213.345"},
        "103":{"src":44,"tgt":3,"style":"ortho","pts":"475.216,-424.987 398.309,-451.051"},
        "104":{"src":45,"tgt":8,"style":"ortho","pts":"-146.618,-527.312 -100.85,-387.857"},
        "105":{"src":46,"tgt":26,"style":"ortho","pts":"-410.135,205.997 -507.752,151.821"},
        "106":{"src":47,"tgt":28,"style":"ortho","pts":"182.276,-316.165 120.124,-392.235"},
        "107":{"src":48,"tgt":41,"style":"ortho","pts":"252.297,-113.561 173.353,-79.4061"},
        "108":{"src":49,"tgt":38,"style":"ortho","pts":"528.151,787.398 530.44,706.701"},
        "109":{"src":50,"tgt":27,"style":"ortho","pts":"-183.094,387.077 -128.082,465.115"},
        "110":{"src":51,"tgt":24,"style":"ortho",